sentence,translation,topicId,level,hint
I will meet you at the airport.,Tôi sẽ đón bạn tại sân bay.,travel,Beginner,airport
You must show your passport at the border.,Bạn phải xuất trình hộ chiếu tại biên giới.,travel,Beginner,passport
We packed our luggage the night before.,Chúng tôi đã đóng gói hành lý từ đêm hôm trước.,travel,Beginner,luggage
The flight was delayed by two hours.,Chuyến bay đã bị hoãn hai tiếng đồng hồ.,travel,Beginner,delayed
Please buy a train ticket in advance.,Vui lòng mua vé tàu trước.,travel,Beginner,ticket
Boarding will start thirty minutes before departure.,Việc lên máy bay sẽ bắt đầu 30 phút trước giờ khởi hành.,travel,Intermediate,boarding
Paris is always full of tourists.,Paris luôn luôn đông đúc khách du lịch.,travel,Beginner,tourists
Our final destination was London.,Điểm đến cuối cùng của chúng tôi là London.,travel,Intermediate,destination
I bought a model of the Eiffel Tower as a souvenir.,Tôi đã mua một mô hình tháp Eiffel làm quà lưu niệm.,travel,Intermediate,souvenir
Check the departure screen for your gate number.,Hãy kiểm tra màn hình khởi hành để biết số cổng của bạn.,travel,Beginner,departure
