question,answerA,answerB,answerC,answerD,correctAnswer,topicId,level
Nghĩa của từ 'Supermarket' là gì?,Siêu thị,Nhà sách,Bệnh viện,Công viên,Siêu thị,daily_life,Beginner
Từ nào sau đây có nghĩa là 'Thời tiết'?,Weather,Season,Climate,Temperature,Weather,daily_life,Beginner
'Healthy diet' dịch sang tiếng Việt là gì?,Chế độ ăn lành mạnh,Tập luyện thể thao,Thực đơn nhà hàng,Thói quen ngủ sớm,Chế độ ăn lành mạnh,daily_life,Beginner
Nghĩa của cụm từ 'Take a shower' là gì?,Tắm vòi sen,Đi rửa tay,Đánh răng,Rửa mặt,Tắm vòi sen,daily_life,Beginner
Từ nào sau đây chỉ 'Hàng xóm'?,Neighbor,Colleague,Stranger,Relative,Neighbor,daily_life,Beginner
Nghĩa của từ 'Public transport' là gì?,Phương tiện công cộng,Xe ô tô cá nhân,Đường đi bộ,Vé xe bus,Phương tiện công cộng,daily_life,Beginner
I usually wake up at six o'clock every ______.,morning,evening,night,afternoon,morning,daily_life,Beginner
She goes to the ______ three times a week to stay fit.,gym,cinema,bank,bakery,gym,daily_life,Beginner
Remember to turn off the ______ before leaving the room.,lights,refrigerator,clock,curtains,lights,daily_life,Beginner
Eating fresh vegetables is good for your ______.,health,salary,traffic,weather,health,daily_life,Beginner
